user_id,username,full_name,email,role,department,job_title,phone,location,join_date
1,danielle.johnson,Danielle Johnson,danielle.johnson@techcorpsolutions.com,requester,Network Operations,Network Engineer,321.581.9600,New Carolyn,2022-03-24
2,anna.baldwin,Anna Baldwin,anna.baldwin@techcorpsolutions.com,agent,Finance,Accounts Executive,(337)894-0265x42351,West Melanieview,2024-09-30
3,lindsay.blair,Lindsay Blair,lindsay.blair@techcorpsolutions.com,requester,Network Operations,Network Administrator,(518)349-5931x0341,Ramirezstad,2023-10-09
4,francisco.kelly,Francisco Kelly,francisco.kelly@techcorpsolutions.com,requester,Procurement,Procurement Executive,001-719-228-3276x483,Port Antonio,2024-07-25
5,leslie.adams,Leslie Adams,leslie.adams@techcorpsolutions.com,agent,IT Support,IT Support Associate,001-553-676-7242,Hurstfurt,2021-11-05
6,michael.osborn,Michael Osborn,michael.osborn@techcorpsolutions.com,requester,Finance,Finance Manager,610.212.2691x6697,Lake Nicoleview,2021-06-01
7,kayla.peterson,Kayla Peterson,kayla.peterson@techcorpsolutions.com,requester,Procurement,Procurement Executive,(570)448-2814,Kathrynside,2022-05-03
8,stephanie.nielsen,Stephanie Nielsen,stephanie.nielsen@techcorpsolutions.com,requester,Procurement,Vendor Manager,+1-357-901-5430x391,Port Amandaberg,2026-01-12
9,david.alvarez,David Alvarez,david.alvarez@techcorpsolutions.com,requester,Admin,Facilities Coordinator,989-363-8346x578,East Caleb,2023-11-08
10,andrew.spencer,Andrew Spencer,andrew.spencer@techcorpsolutions.com,requester,IT Support,Senior Associate - IT Support,5106310518,Lewisberg,2024-01-30
11,jennifer.khan,Jennifer Khan,jennifer.khan@techcorpsolutions.com,agent,Marketing,Digital Marketing Specialist,876.931.1656,Lake Deniseville,2024-01-04
12,bruce.chandler,Bruce Chandler,bruce.chandler@techcorpsolutions.com,agent,Marketing,Marketing Executive,633-938-7262,Port Sandra,2025-05-03
13,scott.callahan,Scott Callahan,scott.callahan@techcorpsolutions.com,requester,Network Operations,NOC Analyst,5808132677,East Nicholasfurt,2023-11-09
14,joseph.bowers,Joseph Bowers,joseph.bowers@techcorpsolutions.com,requester,Admin,Facilities Coordinator,(987)423-4309x80500,New Christopherburgh,2023-04-17
15,casey.jones,Casey Jones,casey.jones@techcorpsolutions.com,requester,Legal,Legal Associate,(719)639-9091x6998,Lake Jennifer,2025-09-12
16,john.foster,John Foster,john.foster@techcorpsolutions.com,requester,Customer Success,Customer Success Associate,675-410-7991x1838,Nicolebury,2024-07-28
17,mike.moore,Mike Moore,mike.moore@techcorpsolutions.com,requester,Admin,Facilities Coordinator,001-449-680-8412x411,Cassandramouth,2025-07-13
18,james.walters,James Walters,james.walters@techcorpsolutions.com,requester,Network Operations,Network Engineer,840.216.4005x2427,North Sierraberg,2022-02-28
19,amy.davenport,Amy Davenport,amy.davenport@techcorpsolutions.com,requester,Sales,Sales Executive,(562)304-5053,Kimberlychester,2024-01-17
20,terri.brady,Terri Brady,terri.brady@techcorpsolutions.com,requester,Network Operations,NOC Analyst,622.460.2563,South Monicafort,2026-01-28
21,jeffrey.velasquez,Jeffrey Velasquez,jeffrey.velasquez@techcorpsolutions.com,requester,Marketing,Marketing Executive,733-203-6541x4586,West Gregoryview,2023-04-28
22,benjamin.carlson,Benjamin Carlson,benjamin.carlson@techcorpsolutions.com,requester,Finance,Finance Manager,569-781-6934x06088,Jonesmouth,2022-08-24
23,cindy.alvarado,Cindy Alvarado,cindy.alvarado@techcorpsolutions.com,requester,Network Operations,Network Administrator,684-865-6482x3662,West Justinchester,2021-05-03
24,kristi.lawson,Kristi Lawson,kristi.lawson@techcorpsolutions.com,agent,Procurement,Procurement Executive,573.687.2148x951,Port James,2022-07-04
25,andrew.sanchez,Andrew Sanchez,andrew.sanchez@techcorpsolutions.com,requester,Customer Success,Client Relationship Manager,001-517-469-3676x32016,Williamsbury,2023-05-30
26,samantha.martinez,Samantha Martinez,samantha.martinez@techcorpsolutions.com,requester,Procurement,Procurement Executive,988.995.7986x872,Karenview,2021-05-22
27,katie.boyd,Katie Boyd,katie.boyd@techcorpsolutions.com,requester,IT Support,Senior Associate - IT Support,571-843-4558x122,Lake Jason,2024-04-22
28,robert.rivera,Robert Rivera,robert.rivera@techcorpsolutions.com,requester,Marketing,Digital Marketing Specialist,2367690967,Karenchester,2023-05-10
29,amanda.navarro,Amanda Navarro,amanda.navarro@techcorpsolutions.com,requester,Finance,Finance Manager,873.446.7065,Calhounside,2025-05-01
30,anthony.long,Anthony Long,anthony.long@techcorpsolutions.com,requester,Marketing,Marketing Executive,7165272046,Murphyfurt,2023-12-09
31,joshua.bean,Joshua Bean,joshua.bean@techcorpsolutions.com,agent,Customer Success,Client Relationship Manager,270-580-5310,Port Andrew,2023-02-04
32,elijah.martinez,Elijah Martinez,elijah.martinez@techcorpsolutions.com,requester,HR,HR Executive,001-437-645-2991,New Anthonyport,2024-07-23
33,barbara.odonnell,Barbara Odonnell,barbara.odonnell@techcorpsolutions.com,requester,Procurement,Vendor Manager,001-831-793-1491x905,New Deborahtown,2022-10-27
34,melissa.short,Melissa Short,melissa.short@techcorpsolutions.com,requester,Customer Success,Client Relationship Manager,(672)762-8498x776,Port Sarah,2021-03-23
35,joshua.hayes,Joshua Hayes,joshua.hayes@techcorpsolutions.com,requester,HR,Talent Acquisition Specialist,001-596-750-7527,Matthewview,2025-01-14
36,angela.black,Angela Black,angela.black@techcorpsolutions.com,agent,IT Support,IT Support Associate,367.683.7770,South Heather,2021-09-23
37,kevin.perkins,Kevin Perkins,kevin.perkins@techcorpsolutions.com,requester,HR,Talent Acquisition Specialist,356.485.5744x43135,East Joanna,2023-05-26
38,joshua.lawrence,Joshua Lawrence,joshua.lawrence@techcorpsolutions.com,requester,Network Operations,NOC Analyst,+1-641-234-3524x082,New Kellyberg,2025-02-04
39,dana.mullins,Dana Mullins,dana.mullins@techcorpsolutions.com,requester,Legal,Compliance Officer,6949777520,Port Cameronfort,2021-03-16
40,charles.soto,Charles Soto,charles.soto@techcorpsolutions.com,requester,IT Support,IT Support Associate,(594)813-1869,Kerrport,2020-11-30
41,michelle.branch,Michelle Branch,michelle.branch@techcorpsolutions.com,requester,Procurement,Vendor Manager,+1-309-413-3412x328,South Shannonfort,2022-05-28
42,kelly.hall,Kelly Hall,kelly.hall@techcorpsolutions.com,requester,Marketing,Marketing Executive,001-671-434-9361x832,North Gabrielport,2024-10-12
43,brooke.holloway,Brooke Holloway,brooke.holloway@techcorpsolutions.com,admin,HR,HR Manager,217.846.4887x719,Cassandratown,2026-01-18
44,christopher.hayden,Christopher Hayden,christopher.hayden@techcorpsolutions.com,requester,Sales,Sales Manager,001-990-649-0278,New Ryan,2025-07-18
45,lisa.costa,Lisa Costa,lisa.costa@techcorpsolutions.com,requester,Procurement,Procurement Executive,(755)612-5674x68071,Darrellfurt,2023-05-19
46,michelle.bryan,Michelle Bryan,michelle.bryan@techcorpsolutions.com,requester,Sales,Sales Manager,+1-976-203-8597,West Andrea,2020-08-09
47,sara.kim,Sara Kim,sara.kim@techcorpsolutions.com,requester,Finance,Accounts Executive,809-332-4808,Port Robin,2024-09-23
48,steven.wilson,Steven Wilson,steven.wilson@techcorpsolutions.com,requester,HR,Talent Acquisition Specialist,448.346.7737x8263,Kendrachester,2025-07-10
49,matthew.french,Matthew French,matthew.french@techcorpsolutions.com,requester,Procurement,Procurement Executive,9447997278,Andreaside,2022-03-07
50,nicholas.cantu,Nicholas Cantu,nicholas.cantu@techcorpsolutions.com,agent,Legal,Legal Associate,001-939-263-6057x662,New Tammy,2025-09-29
51,martin.garcia,Martin Garcia,martin.garcia@techcorpsolutions.com,requester,Marketing,Digital Marketing Specialist,687-702-6217,Santosmouth,2025-08-07
52,melissa.villarreal,Melissa Villarreal,melissa.villarreal@techcorpsolutions.com,requester,Finance,Finance Manager,478-609-1343x16117,North Markton,2022-11-06
53,kelly.brooks,Kelly Brooks,kelly.brooks@techcorpsolutions.com,requester,Network Operations,Network Administrator,569.922.2196x93792,Stevetown,2021-06-17
54,rachel.marshall,Rachel Marshall,rachel.marshall@techcorpsolutions.com,requester,Network Operations,Network Administrator,+1-921-675-9464,South Melissa,2022-04-20
55,daniel.james,Daniel James,daniel.james@techcorpsolutions.com,requester,HR,Talent Acquisition Specialist,740-564-0909x7439,New John,2022-09-21
56,karla.saunders,Karla Saunders,karla.saunders@techcorpsolutions.com,requester,Procurement,Procurement Executive,(310)647-0952,Julieburgh,2024-08-17
57,james.buchanan,James Buchanan,james.buchanan@techcorpsolutions.com,requester,Admin,Facilities Coordinator,(488)542-4745x171,Coffeyside,2025-10-14
58,michael.gibbs,Michael Gibbs,michael.gibbs@techcorpsolutions.com,requester,Procurement,Procurement Executive,+1-517-954-9651,New Nicoleside,2020-09-06
59,mark.bishop,Mark Bishop,mark.bishop@techcorpsolutions.com,requester,Customer Success,Client Relationship Manager,+1-474-861-2004x7113,Watsonside,2024-06-06
60,robert.newton,Robert Newton,robert.newton@techcorpsolutions.com,agent,Procurement,Vendor Manager,(717)796-4053x77351,South Joshuaville,2021-07-06
61,stacy.holloway,Stacy Holloway,stacy.holloway@techcorpsolutions.com,requester,Finance,Accounts Executive,390.505.3293,Port Molly,2021-02-21
62,mark.hernandez,Mark Hernandez,mark.hernandez@techcorpsolutions.com,requester,Admin,Admin Executive,4422284210,Kristybury,2025-12-05
63,brianna.smith,Brianna Smith,brianna.smith@techcorpsolutions.com,requester,IT Support,IT Support Associate,(368)911-7758,New Bradley,2022-03-03
64,krista.camacho,Krista Camacho,krista.camacho@techcorpsolutions.com,agent,IT Support,Senior Associate - IT Support,400.376.6177x115,West Claudia,2023-09-07
65,brenda.joseph,Brenda Joseph,brenda.joseph@techcorpsolutions.com,agent,IT Support,Desktop Support Engineer,+1-984-578-9611x836,Morganmouth,2022-11-08
66,raymond.blair,Raymond Blair,raymond.blair@techcorpsolutions.com,requester,Finance,Finance Analyst,245-727-1111x61528,South Michaelchester,2022-06-13
67,miranda.griffith,Miranda Griffith,miranda.griffith@techcorpsolutions.com,agent,Finance,Finance Manager,+1-745-319-8327x315,Audreychester,2026-04-30
68,megan.villegas,Megan Villegas,megan.villegas@techcorpsolutions.com,requester,Admin,Facilities Coordinator,+1-480-494-0244x550,Jonestown,2025-06-10
69,christopher.moreno,Christopher Moreno,christopher.moreno@techcorpsolutions.com,agent,Legal,Compliance Officer,252.354.5991x022,Scottchester,2022-10-28
70,todd.ramos,Todd Ramos,todd.ramos@techcorpsolutions.com,requester,Network Operations,Network Administrator,001-281-256-1497x84036,West Sierra,2022-03-20
71,katrina.duran,Katrina Duran,katrina.duran@techcorpsolutions.com,requester,Customer Success,Client Relationship Manager,707-362-2683,Hensleyton,2022-04-24
72,ryan.stevens,Ryan Stevens,ryan.stevens@techcorpsolutions.com,agent,IT Support,IT Support Associate,796-396-6416x05297,Richardbury,2021-01-22
73,ryan.morales,Ryan Morales,ryan.morales@techcorpsolutions.com,requester,Marketing,Marketing Executive,453-552-1818x8355,East Jonathanburgh,2021-01-23
74,carrie.wolf,Carrie Wolf,carrie.wolf@techcorpsolutions.com,requester,Finance,Finance Manager,(777)499-7995,Jonesmouth,2024-06-23
75,crystal.hogan,Crystal Hogan,crystal.hogan@techcorpsolutions.com,requester,Customer Success,Customer Success Associate,(881)947-7005x411,South Reginashire,2024-02-06
76,denise.morris,Denise Morris,denise.morris@techcorpsolutions.com,requester,Finance,Accounts Executive,(507)915-1820,Warrenburgh,2023-05-31
77,michael.hardin,Michael Hardin,michael.hardin@techcorpsolutions.com,agent,Procurement,Procurement Executive,001-759-305-1518x64492,West Kyle,2022-11-22
78,diana.bates,Diana Bates,diana.bates@techcorpsolutions.com,requester,Procurement,Procurement Executive,001-214-786-5281x685,Henryborough,2021-05-12
79,matthew.miranda,Matthew Miranda,matthew.miranda@techcorpsolutions.com,requester,Finance,Accounts Executive,(721)441-8880,Mooreburgh,2021-09-25
80,marie.wise,Marie Wise,marie.wise@techcorpsolutions.com,requester,Legal,Legal Associate,(970)565-3794,West Tammy,2025-05-21
81,kristen.mckee,Kristen Mckee,kristen.mckee@techcorpsolutions.com,requester,IT Support,Senior Associate - IT Support,+1-297-974-6886x23924,Angelaville,2021-09-30
82,jennifer.black,Jennifer Black,jennifer.black@techcorpsolutions.com,requester,Customer Success,Client Relationship Manager,924-778-2613,South Brianhaven,2021-05-03
83,nathaniel.hughes,Nathaniel Hughes,nathaniel.hughes@techcorpsolutions.com,requester,Legal,Compliance Officer,905.415.2204,Westtown,2021-01-30
84,rebecca.smith,Rebecca Smith,rebecca.smith@techcorpsolutions.com,agent,Procurement,Vendor Manager,(389)286-1434,South Danielle,2021-11-16
85,cindy.brown,Cindy Brown,cindy.brown@techcorpsolutions.com,requester,Sales,Sales Executive,598.808.9324x6095,Lake Elizabeth,2025-07-20
86,alexandra.ward,Alexandra Ward,alexandra.ward@techcorpsolutions.com,requester,Admin,Admin Executive,+1-788-680-6706,West Kristinastad,2026-03-29
87,john.sandoval,John Sandoval,john.sandoval@techcorpsolutions.com,requester,IT Support,IT Support Associate,001-952-405-8527,North Jennifer,2021-03-19
88,sherry.johnson,Sherry Johnson,sherry.johnson@techcorpsolutions.com,agent,Procurement,Procurement Executive,205.548.6874,Michaelton,2021-10-16
89,michelle.rivera,Michelle Rivera,michelle.rivera@techcorpsolutions.com,requester,Procurement,Procurement Executive,(366)876-5277x584,South Carrieburgh,2021-05-02
90,amy.morris,Amy Morris,amy.morris@techcorpsolutions.com,agent,Network Operations,Network Administrator,+1-644-279-6275x70596,Lake Danastad,2021-01-27
91,william.brady,William Brady,william.brady@techcorpsolutions.com,agent,Finance,Finance Analyst,7298702135,New Ericmouth,2021-07-18
92,stacy.watson,Stacy Watson,stacy.watson@techcorpsolutions.com,requester,Admin,Admin Executive,001-228-456-5431,Holmesside,2025-02-11
93,david.hampton,David Hampton,david.hampton@techcorpsolutions.com,agent,IT Support,IT Support Manager,494.973.1217,Port Evelynmouth,2024-10-06
94,elizabeth.mckinney,Elizabeth Mckinney,elizabeth.mckinney@techcorpsolutions.com,requester,Admin,Facilities Coordinator,742-725-8313x2370,Laraside,2023-11-08
95,david.henson,David Henson,david.henson@techcorpsolutions.com,requester,Finance,Finance Manager,(778)466-9125x1778,Port Tammy,2020-12-27
96,ryan.bartlett,Ryan Bartlett,ryan.bartlett@techcorpsolutions.com,requester,Finance,Finance Analyst,682-342-2535,Jamesside,2020-12-04
97,joshua.weber,Joshua Weber,joshua.weber@techcorpsolutions.com,requester,Sales,Account Manager,782-299-2299,North Brandonshire,2024-03-26
98,joseph.clark,Joseph Clark,joseph.clark@techcorpsolutions.com,requester,Network Operations,Network Engineer,+1-207-484-4736x471,Perrymouth,2023-12-26
99,james.lawson,James Lawson,james.lawson@techcorpsolutions.com,agent,Admin,Admin Executive,001-355-662-5881x537,Wrightville,2022-06-13
100,brent.dougherty,Brent Dougherty,brent.dougherty@techcorpsolutions.com,requester,Finance,Finance Manager,(232)359-5327x87747,Wagnerbury,2025-09-17
101,jason.gomez,Jason Gomez,jason.gomez@techcorpsolutions.com,requester,Marketing,Marketing Executive,297.848.0162x4565,New Annastad,2020-11-24
102,angela.jones,Angela Jones,angela.jones@techcorpsolutions.com,agent,Marketing,Digital Marketing Specialist,001-584-899-1216x55852,North Benjaminmouth,2023-08-01
103,linda.stone,Linda Stone,linda.stone@techcorpsolutions.com,requester,Procurement,Vendor Manager,925.695.2694x95888,Cabrerastad,2021-06-24
104,mark.rodriguez,Mark Rodriguez,mark.rodriguez@techcorpsolutions.com,requester,Procurement,Procurement Executive,809-474-9930x9728,North Ashley,2023-01-24
105,jackie.lee,Jackie Lee,jackie.lee@techcorpsolutions.com,requester,Procurement,Vendor Manager,(926)836-8970x28385,Suemouth,2023-03-18
106,rhonda.peterson,Rhonda Peterson,rhonda.peterson@techcorpsolutions.com,requester,Network Operations,Network Engineer,001-749-973-3484x34437,Annview,2022-09-11
107,keith.berry,Keith Berry,keith.berry@techcorpsolutions.com,requester,Network Operations,Network Administrator,(652)640-4157x4733,North Christina,2023-10-24
108,brenda.sanchez,Brenda Sanchez,brenda.sanchez@techcorpsolutions.com,requester,Sales,Account Manager,933.901.6571x20826,Port Tamara,2024-07-24
109,manuel.brewer,Manuel Brewer,manuel.brewer@techcorpsolutions.com,requester,Marketing,Marketing Executive,893-980-2620,Lake Suzanne,2025-12-21
110,sara.mcdowell,Sara Mcdowell,sara.mcdowell@techcorpsolutions.com,requester,Sales,Sales Manager,001-491-954-7887,Jamesville,2020-08-27
111,mark.simon,Mark Simon,mark.simon@techcorpsolutions.com,requester,IT Support,IT Support Associate,001-720-354-9329x668,Caldwellburgh,2024-06-07
112,tina.woods,Tina Woods,tina.woods@techcorpsolutions.com,admin,Sales,Sales Executive,2466374549,Heatherton,2026-02-19
113,elizabeth.marshall,Elizabeth Marshall,elizabeth.marshall@techcorpsolutions.com,requester,HR,Talent Acquisition Specialist,+1-784-814-5933x27279,Toddborough,2021-07-18
114,kathleen.becker,Kathleen Becker,kathleen.becker@techcorpsolutions.com,requester,HR,Talent Acquisition Specialist,587-485-1910,West Melissa,2024-02-15
115,scott.frazier,Scott Frazier,scott.frazier@techcorpsolutions.com,agent,Customer Success,Customer Success Associate,918.670.7286x7908,South Jonathantown,2024-11-03
116,julie.lane,Julie Lane,julie.lane@techcorpsolutions.com,admin,HR,Talent Acquisition Specialist,(718)801-7046x226,Kanefurt,2020-11-12
117,nicholas.vega,Nicholas Vega,nicholas.vega@techcorpsolutions.com,requester,Marketing,Marketing Manager,+1-525-212-8682,West Stevenside,2024-07-07
118,roger.gray,Roger Gray,roger.gray@techcorpsolutions.com,agent,Customer Success,Customer Success Associate,352.343.1069x033,South Carlaton,2021-12-16
119,john.williams,John Williams,john.williams@techcorpsolutions.com,requester,Marketing,Marketing Executive,+1-730-528-4395,Nancyhaven,2023-03-13
120,jeffrey.turner,Jeffrey Turner,jeffrey.turner@techcorpsolutions.com,requester,Finance,Finance Manager,001-726-887-0568,Hernandezfurt,2020-12-16
121,ivan.medina,Ivan Medina,ivan.medina@techcorpsolutions.com,requester,Network Operations,NOC Analyst,442.870.8668,West James,2022-01-09
122,deborah.nielsen,Deborah Nielsen,deborah.nielsen@techcorpsolutions.com,requester,Customer Success,Customer Success Associate,383-504-6990,South Jason,2025-08-11
123,rebecca.turner,Rebecca Turner,rebecca.turner@techcorpsolutions.com,requester,Finance,Accounts Executive,731.673.9363,Owensstad,2025-12-23
124,kyle.ward,Kyle Ward,kyle.ward@techcorpsolutions.com,admin,HR,HR Manager,217.653.5560x932,Phillipsborough,2025-10-27
125,mark.james,Mark James,mark.james@techcorpsolutions.com,requester,Marketing,Digital Marketing Specialist,485.247.7725x2287,Port Melanieton,2025-07-12
126,kathy.gutierrez,Kathy Gutierrez,kathy.gutierrez@techcorpsolutions.com,agent,Finance,Finance Analyst,912.903.8750,North Amandachester,2025-08-01
127,alexander.moreno,Alexander Moreno,alexander.moreno@techcorpsolutions.com,requester,Network Operations,NOC Analyst,608-762-1182x3398,Lauraland,2022-03-23
128,nathan.sullivan,Nathan Sullivan,nathan.sullivan@techcorpsolutions.com,agent,Legal,Legal Associate,001-234-410-1666x870,South Meganmouth,2023-12-10
129,ariel.hodge,Ariel Hodge,ariel.hodge@techcorpsolutions.com,requester,Legal,Compliance Officer,703.239.7401x48902,New Douglas,2021-03-01
130,lori.nicholson,Lori Nicholson,lori.nicholson@techcorpsolutions.com,admin,Finance,Accounts Executive,229-339-6856x2185,Hallland,2026-02-04
131,matthew.mack,Matthew Mack,matthew.mack@techcorpsolutions.com,requester,Finance,Finance Analyst,(850)347-7358x6629,Laurenland,2026-04-01
132,christopher.moore,Christopher Moore,christopher.moore@techcorpsolutions.com,requester,Network Operations,NOC Analyst,+1-426-355-1104x7541,South Shane,2024-10-22
133,angela.russell,Angela Russell,angela.russell@techcorpsolutions.com,requester,Procurement,Vendor Manager,(581)499-5604x661,Jacksonview,2020-10-02
134,kevin.snyder,Kevin Snyder,kevin.snyder@techcorpsolutions.com,requester,Procurement,Vendor Manager,(346)447-1543x79937,Adamfurt,2020-12-21
135,martin.oliver,Martin Oliver,martin.oliver@techcorpsolutions.com,agent,Network Operations,NOC Analyst,775-669-2459x37526,Faulknerbury,2025-05-10
136,mark.ramirez,Mark Ramirez,mark.ramirez@techcorpsolutions.com,agent,Sales,Sales Executive,(619)339-8280x737,Chambersberg,2025-04-01
137,cynthia.allen,Cynthia Allen,cynthia.allen@techcorpsolutions.com,requester,Customer Success,Client Relationship Manager,001-266-717-9796x886,North Kaylastad,2024-06-30
138,gabriel.salazar,Gabriel Salazar,gabriel.salazar@techcorpsolutions.com,requester,Marketing,Digital Marketing Specialist,+1-565-961-0143x8889,Petershire,2023-12-07
139,hannah.hernandez,Hannah Hernandez,hannah.hernandez@techcorpsolutions.com,requester,Procurement,Procurement Executive,914.761.1254x5738,Davismouth,2026-07-03
140,luis.evans,Luis Evans,luis.evans@techcorpsolutions.com,requester,Admin,Admin Executive,405-712-3828,Mullenbury,2025-05-23
141,lauren.soto,Lauren Soto,lauren.soto@techcorpsolutions.com,requester,Customer Success,Customer Success Associate,+1-366-309-3796x60334,West Mark,2021-09-13
142,stephen.baker,Stephen Baker,stephen.baker@techcorpsolutions.com,requester,Procurement,Procurement Executive,359.469.6915x57924,Davidport,2025-09-14
143,daryl.brooks,Daryl Brooks,daryl.brooks@techcorpsolutions.com,requester,Network Operations,Network Administrator,(969)629-6627x8282,East Leonard,2021-06-08
144,shannon.brown,Shannon Brown,shannon.brown@techcorpsolutions.com,requester,Admin,Facilities Coordinator,9728368876,Burnsland,2022-09-21
145,ariana.flynn,Ariana Flynn,ariana.flynn@techcorpsolutions.com,requester,Network Operations,Network Administrator,3433842797,Kimberlystad,2021-11-26
146,amber.sherman,Amber Sherman,amber.sherman@techcorpsolutions.com,requester,Procurement,Vendor Manager,983.361.3407x451,East Lisa,2025-02-04
147,brianna.bell,Brianna Bell,brianna.bell@techcorpsolutions.com,requester,Marketing,Digital Marketing Specialist,+1-462-792-3309x5849,Keithview,2024-10-20
148,stephanie.robertson,Stephanie Robertson,stephanie.robertson@techcorpsolutions.com,agent,Procurement,Procurement Executive,726-504-2232,Burnsshire,2025-12-04
149,cynthia.burton,Cynthia Burton,cynthia.burton@techcorpsolutions.com,requester,Customer Success,Customer Success Associate,216-384-5775,Reidstad,2022-10-26
150,melissa.flynn,Melissa Flynn,melissa.flynn@techcorpsolutions.com,requester,Sales,Account Manager,(237)345-4589x29750,Smithburgh,2022-12-14
151,scott.smith,Scott Smith,scott.smith@techcorpsolutions.com,requester,IT Support,Desktop Support Engineer,724.424.1541,South Conniebury,2026-04-08
152,ruben.davis,Ruben Davis,ruben.davis@techcorpsolutions.com,requester,Customer Success,Client Relationship Manager,271.729.3870,Port Robertberg,2021-02-28
153,tim.perez,Tim Perez,tim.perez@techcorpsolutions.com,requester,Legal,Legal Associate,315-254-2622,South Michael,2021-02-16
154,jason.goodman,Jason Goodman,jason.goodman@techcorpsolutions.com,agent,HR,Talent Acquisition Specialist,+1-473-511-2196x565,Deannabury,2026-01-15
155,angela.greene,Angela Greene,angela.greene@techcorpsolutions.com,agent,Procurement,Vendor Manager,001-304-538-9836x40376,Littleland,2024-03-12
156,allison.levine,Allison Levine,allison.levine@techcorpsolutions.com,requester,Finance,Finance Manager,626-596-5827x10910,North Stacyfurt,2026-06-09
157,william.fuller,William Fuller,william.fuller@techcorpsolutions.com,admin,Finance,Accounts Executive,(466)718-8924x14183,Willisland,2023-07-25
158,kyle.kim,Kyle Kim,kyle.kim@techcorpsolutions.com,requester,Finance,Finance Analyst,203.616.1799,North Alexander,2026-03-29
159,derrick.smith,Derrick Smith,derrick.smith@techcorpsolutions.com,requester,Network Operations,NOC Analyst,(688)342-5241x056,Jennifershire,2023-07-15
160,courtney.crawford,Courtney Crawford,courtney.crawford@techcorpsolutions.com,requester,Admin,Admin Executive,3795252419,North Micheletown,2023-08-15
161,john.ruiz,John Ruiz,john.ruiz@techcorpsolutions.com,requester,Customer Success,Client Relationship Manager,(720)686-3536,New Nathanhaven,2022-11-12
162,emily.williams,Emily Williams,emily.williams@techcorpsolutions.com,requester,HR,Talent Acquisition Specialist,606.617.4451x87053,South Micheal,2021-12-02
163,teresa.cuevas,Teresa Cuevas,teresa.cuevas@techcorpsolutions.com,requester,Network Operations,NOC Analyst,001-883-620-6038x5050,East Alyssabury,2025-03-10
164,robert.woodward,Robert Woodward,robert.woodward@techcorpsolutions.com,agent,Procurement,Vendor Manager,(341)303-8657,Lake Lori,2026-05-09
165,charles.bradley,Charles Bradley,charles.bradley@techcorpsolutions.com,requester,Finance,Accounts Executive,(634)545-6557,East Derekshire,2023-03-04
166,daniel.garcia,Daniel Garcia,daniel.garcia@techcorpsolutions.com,requester,Legal,Compliance Officer,261-585-3747x41124,Eddiebury,2023-04-05
167,tanya.foster,Tanya Foster,tanya.foster@techcorpsolutions.com,requester,Legal,Compliance Officer,342-206-7883x1712,Port Kimberlybury,2020-11-20
168,david.colon,David Colon,david.colon@techcorpsolutions.com,requester,Procurement,Vendor Manager,+1-319-294-1013x7215,Williamsshire,2022-10-20
169,ryan.ramsey,Ryan Ramsey,ryan.ramsey@techcorpsolutions.com,requester,Legal,Compliance Officer,(562)653-2447x2099,Jenkinsside,2023-07-15
170,timothy.miller,Timothy Miller,timothy.miller@techcorpsolutions.com,requester,Finance,Finance Manager,(738)838-0657x87598,Hectormouth,2022-11-12
171,carla.johnson,Carla Johnson,carla.johnson@techcorpsolutions.com,requester,Procurement,Vendor Manager,207-585-9321x334,Kellyburgh,2025-05-24
172,gregory.watkins,Gregory Watkins,gregory.watkins@techcorpsolutions.com,agent,Sales,Account Manager,001-659-405-9929x378,Johnsonton,2025-05-15
173,jesse.robinson,Jesse Robinson,jesse.robinson@techcorpsolutions.com,requester,Sales,Sales Executive,2594325250,Port Daniel,2023-09-18
174,alicia.diaz,Alicia Diaz,alicia.diaz@techcorpsolutions.com,agent,Marketing,Marketing Manager,001-469-715-4522x675,Lake Brianna,2021-01-10
175,gregory.parker,Gregory Parker,gregory.parker@techcorpsolutions.com,requester,HR,HR Executive,(720)596-9029,South Donaldland,2024-09-02
176,john.haas,John Haas,john.haas@techcorpsolutions.com,requester,HR,Talent Acquisition Specialist,657-304-3315,North Paulchester,2021-08-04
177,tanya.wilkerson,Tanya Wilkerson,tanya.wilkerson@techcorpsolutions.com,requester,Customer Success,Client Relationship Manager,(258)761-7932x7104,Stephanieland,2023-07-08
178,matthew.barron,Matthew Barron,matthew.barron@techcorpsolutions.com,agent,Legal,Compliance Officer,481-859-9706,North Craig,2021-07-20
179,jamie.lee,Jamie Lee,jamie.lee@techcorpsolutions.com,requester,Customer Success,Client Relationship Manager,001-284-744-3106x9872,South Christopherfort,2024-09-21
180,james.johnson,James Johnson,james.johnson@techcorpsolutions.com,requester,Admin,Admin Executive,717-814-6774x1862,Jacobton,2021-08-11
181,jose.marshall,Jose Marshall,jose.marshall@techcorpsolutions.com,requester,Admin,Facilities Coordinator,290-821-1586x938,Sheppardfort,2021-12-08
182,ashley.young,Ashley Young,ashley.young@techcorpsolutions.com,requester,Marketing,Digital Marketing Specialist,(508)498-9921x7223,South Christianchester,2022-05-14
183,james.carson,James Carson,james.carson@techcorpsolutions.com,requester,Customer Success,Customer Success Associate,+1-945-211-6868x548,Rodriguezberg,2021-06-22
184,eddie.matthews,Eddie Matthews,eddie.matthews@techcorpsolutions.com,requester,Sales,Account Manager,819-914-8564,Johnsonview,2025-01-31
185,richard.montgomery,Richard Montgomery,richard.montgomery@techcorpsolutions.com,requester,Customer Success,Client Relationship Manager,(606)953-0745x0544,Port Jeremyport,2024-08-17
186,terri.ramos,Terri Ramos,terri.ramos@techcorpsolutions.com,requester,Customer Success,Customer Success Associate,469-313-7367x850,Jennafurt,2025-06-26
187,derek.york,Derek York,derek.york@techcorpsolutions.com,requester,HR,Talent Acquisition Specialist,7235303070,Michealmouth,2025-10-20
188,william.reid,William Reid,william.reid@techcorpsolutions.com,agent,Customer Success,Customer Success Associate,7357797279,Port Patricia,2021-05-01
189,kaitlyn.barker,Kaitlyn Barker,kaitlyn.barker@techcorpsolutions.com,requester,Customer Success,Customer Success Associate,(902)493-3334x6800,New Lauren,2022-04-15
190,jeffrey.franklin,Jeffrey Franklin,jeffrey.franklin@techcorpsolutions.com,requester,HR,HR Executive,001-846-365-7437x489,New Yvonnestad,2026-03-06
191,anna.wheeler,Anna Wheeler,anna.wheeler@techcorpsolutions.com,requester,Marketing,Marketing Executive,+1-217-815-4544x43283,Erintown,2022-04-09
192,diana.bright,Diana Bright,diana.bright@techcorpsolutions.com,requester,Marketing,Digital Marketing Specialist,(466)409-9353x87584,Connorberg,2022-02-18
193,joyce.hardy,Joyce Hardy,joyce.hardy@techcorpsolutions.com,requester,Customer Success,Client Relationship Manager,(751)635-3465,Stevenville,2023-11-28
194,thomas.delacruz,Thomas Delacruz,thomas.delacruz@techcorpsolutions.com,requester,Legal,Legal Associate,+1-417-538-1684x602,Robertshire,2024-01-20
195,patricia.hatfield,Patricia Hatfield,patricia.hatfield@techcorpsolutions.com,requester,IT Support,Desktop Support Engineer,001-421-475-2500x743,Gloverland,2021-06-12
196,david.hamilton,David Hamilton,david.hamilton@techcorpsolutions.com,agent,Network Operations,Network Administrator,(576)500-8350x58300,Larryville,2023-02-20
197,patrick.chapman,Patrick Chapman,patrick.chapman@techcorpsolutions.com,agent,IT Support,Senior Associate - IT Support,4447789856,Howardborough,2021-08-02
198,frederick.meadows,Frederick Meadows,frederick.meadows@techcorpsolutions.com,agent,IT Support,IT Support Manager,3337230982,South Nancyview,2025-05-27
199,kelsey.dean,Kelsey Dean,kelsey.dean@techcorpsolutions.com,requester,HR,HR Manager,6109016761,East Heather,2024-02-11
200,crystal.turner,Crystal Turner,crystal.turner@techcorpsolutions.com,requester,Admin,Admin Executive,+1-984-599-2618x91411,Port Jose,2024-07-06
201,alexandra.harris,Alexandra Harris,alexandra.harris@techcorpsolutions.com,agent,Sales,Account Manager,920-487-3753x0011,Port Williamville,2024-10-05
202,rebecca.newman,Rebecca Newman,rebecca.newman@techcorpsolutions.com,requester,Admin,Admin Executive,247-201-2045x5611,Lake Deborah,2023-04-21
203,mark.kline,Mark Kline,mark.kline@techcorpsolutions.com,agent,HR,HR Manager,815-452-1667x467,East Heatherton,2026-04-01
204,tina.richard,Tina Richard,tina.richard@techcorpsolutions.com,requester,IT Support,Desktop Support Engineer,001-279-472-9659,Knappville,2021-03-19
205,paige.alexander,Paige Alexander,paige.alexander@techcorpsolutions.com,requester,Customer Success,Client Relationship Manager,+1-550-989-9358x8916,Elizabethfurt,2020-12-21
206,edgar.serrano,Edgar Serrano,edgar.serrano@techcorpsolutions.com,requester,Finance,Accounts Executive,+1-700-628-7721x753,New Jeffreyfurt,2025-11-16
207,richard.young,Richard Young,richard.young@techcorpsolutions.com,requester,Finance,Accounts Executive,001-371-877-5170,Johnsonside,2023-04-26
208,aaron.davis,Aaron Davis,aaron.davis@techcorpsolutions.com,requester,Sales,Sales Manager,+1-948-783-7550x375,Wilsonbury,2024-03-04
209,aaron.kelly,Aaron Kelly,aaron.kelly@techcorpsolutions.com,requester,Network Operations,Network Administrator,588-551-0272x6149,Port Philipmouth,2024-05-07
210,makayla.lee,Makayla Lee,makayla.lee@techcorpsolutions.com,requester,Marketing,Marketing Manager,001-860-991-7798x27080,Lake Beth,2022-08-07
211,jessica.anderson,Jessica Anderson,jessica.anderson@techcorpsolutions.com,requester,Marketing,Marketing Executive,+1-995-486-6934x654,South Carrie,2022-11-22
212,olivia.hunt,Olivia Hunt,olivia.hunt@techcorpsolutions.com,requester,Marketing,Marketing Executive,+1-458-433-3945,Jenniferstad,2025-08-02
213,anna.aguilar,Anna Aguilar,anna.aguilar@techcorpsolutions.com,requester,Legal,Legal Associate,001-268-546-0810x620,Karenburgh,2026-03-06
214,tonya.vega,Tonya Vega,tonya.vega@techcorpsolutions.com,requester,Marketing,Marketing Manager,5438805719,New Kristen,2021-06-19
215,lauren.roberts,Lauren Roberts,lauren.roberts@techcorpsolutions.com,requester,Legal,Legal Associate,(566)558-0043x9735,Shaneland,2024-07-12
216,jacob.thompson,Jacob Thompson,jacob.thompson@techcorpsolutions.com,requester,Procurement,Vendor Manager,(406)248-4229x4057,West Candice,2023-08-22
217,kim.garrett,Kim Garrett,kim.garrett@techcorpsolutions.com,requester,Procurement,Vendor Manager,479-885-1583x2818,Davisbury,2025-08-03
218,nicole.alvarado,Nicole Alvarado,nicole.alvarado@techcorpsolutions.com,requester,Admin,Facilities Coordinator,539-287-8015x7399,Patrickville,2022-07-23
219,paul.fernandez,Paul Fernandez,paul.fernandez@techcorpsolutions.com,requester,Finance,Accounts Executive,258.387.7043x58112,Lake Crystal,2022-04-10
220,jason.jennings,Jason Jennings,jason.jennings@techcorpsolutions.com,requester,Legal,Legal Associate,386.312.0750,East Lauraside,2025-07-17
221,chad.underwood,Chad Underwood,chad.underwood@techcorpsolutions.com,requester,Admin,Facilities Coordinator,(267)366-5061x80919,Sarahville,2025-12-27
222,keith.jennings,Keith Jennings,keith.jennings@techcorpsolutions.com,agent,Legal,Compliance Officer,476-660-7283x2684,Susantown,2024-03-09
223,angela.peters,Angela Peters,angela.peters@techcorpsolutions.com,requester,Finance,Finance Analyst,7995688143,Whiteheadhaven,2021-04-30
224,douglas.white,Douglas White,douglas.white@techcorpsolutions.com,requester,Marketing,Digital Marketing Specialist,631-329-0878x141,Lake Beverly,2024-04-01
225,stephanie.howard,Stephanie Howard,stephanie.howard@techcorpsolutions.com,admin,Sales,Sales Manager,714.691.3577,New Ashley,2024-07-27
226,lindsey.benjamin,Lindsey Benjamin,lindsey.benjamin@techcorpsolutions.com,requester,Finance,Accounts Executive,333-464-5257x77547,Port Juanberg,2021-08-06
227,patricia.gonzalez,Patricia Gonzalez,patricia.gonzalez@techcorpsolutions.com,requester,Customer Success,Client Relationship Manager,+1-611-908-0996x9308,West Philip,2024-12-09
228,patricia.lawrence,Patricia Lawrence,patricia.lawrence@techcorpsolutions.com,requester,Finance,Finance Manager,(578)481-6580,South Erik,2025-09-02
229,ashley.knight,Ashley Knight,ashley.knight@techcorpsolutions.com,requester,Legal,Compliance Officer,(775)503-7314,Lake Jamiestad,2025-10-04
230,paul.hardin,Paul Hardin,paul.hardin@techcorpsolutions.com,requester,Network Operations,NOC Analyst,4518844989,Diazland,2025-10-25
231,zachary.bennett,Zachary Bennett,zachary.bennett@techcorpsolutions.com,requester,Finance,Finance Analyst,665.557.7908x27231,East Eric,2025-12-19
232,carolyn.montoya,Carolyn Montoya,carolyn.montoya@techcorpsolutions.com,requester,Marketing,Digital Marketing Specialist,(451)477-7392x60302,New Dylanburgh,2024-07-05
233,jonathan.white,Jonathan White,jonathan.white@techcorpsolutions.com,requester,Marketing,Digital Marketing Specialist,+1-890-441-3797x723,New Donna,2026-04-08
234,joseph.ramsey,Joseph Ramsey,joseph.ramsey@techcorpsolutions.com,requester,Procurement,Vendor Manager,899.413.6621x038,East Thomaston,2022-08-17
235,natalie.schmidt,Natalie Schmidt,natalie.schmidt@techcorpsolutions.com,requester,Legal,Compliance Officer,772-298-0686,Perezfort,2025-01-18
236,kristine.james,Kristine James,kristine.james@techcorpsolutions.com,requester,Finance,Accounts Executive,001-691-562-4731x4986,Lake Juliatown,2024-01-31
237,becky.wilson,Becky Wilson,becky.wilson@techcorpsolutions.com,requester,Marketing,Marketing Executive,+1-735-665-1269x4486,Fischerchester,2020-08-22
238,andrea.grant,Andrea Grant,andrea.grant@techcorpsolutions.com,requester,HR,HR Executive,+1-387-544-9562,Loganburgh,2021-08-28
239,craig.romero,Craig Romero,craig.romero@techcorpsolutions.com,requester,Legal,Compliance Officer,+1-890-326-0127,West Jeffreyland,2025-04-01
240,chelsea.ramsey,Chelsea Ramsey,chelsea.ramsey@techcorpsolutions.com,requester,Procurement,Vendor Manager,(598)249-0277x0384,New Gavin,2026-02-08
241,barry.allen,Barry Allen,barry.allen@techcorpsolutions.com,requester,Finance,Finance Analyst,(214)365-6693,New Justinside,2020-08-07
242,robyn.bailey,Robyn Bailey,robyn.bailey@techcorpsolutions.com,admin,HR,HR Manager,339-337-6904x268,Matthewville,2026-04-19
243,leah.frye,Leah Frye,leah.frye@techcorpsolutions.com,requester,Procurement,Procurement Executive,001-947-269-7357,Wilsonland,2025-10-13
244,patrick.kramer,Patrick Kramer,patrick.kramer@techcorpsolutions.com,requester,IT Support,IT Support Manager,001-835-765-8804x341,New Sarahfort,2021-11-26
245,lee.robinson,Lee Robinson,lee.robinson@techcorpsolutions.com,requester,HR,Talent Acquisition Specialist,(537)533-3433,Ericville,2023-12-29
246,david.miller,David Miller,david.miller@techcorpsolutions.com,requester,Legal,Legal Associate,490.680.7595x7947,Walkershire,2026-04-03
247,david.fox,David Fox,david.fox@techcorpsolutions.com,requester,Admin,Facilities Coordinator,+1-908-756-2718,North Emilyfurt,2023-02-07
248,bianca.nguyen,Bianca Nguyen,bianca.nguyen@techcorpsolutions.com,agent,Legal,Compliance Officer,828-543-4795x527,Haynesstad,2024-03-23
249,michael.morales,Michael Morales,michael.morales@techcorpsolutions.com,requester,IT Support,Desktop Support Engineer,001-829-531-4386,Port Susan,2023-04-08
250,edward.shaffer,Edward Shaffer,edward.shaffer@techcorpsolutions.com,requester,Legal,Legal Associate,428.285.7448x9061,Port Jonathan,2021-08-23
251,mary.davis,Mary Davis,mary.davis@techcorpsolutions.com,agent,Customer Success,Client Relationship Manager,555-488-4506x159,Michaelhaven,2025-01-02
252,tony.doyle,Tony Doyle,tony.doyle@techcorpsolutions.com,agent,IT Support,Senior Associate - IT Support,(494)772-2569x9611,West Logan,2025-11-11
253,kelly.adams,Kelly Adams,kelly.adams@techcorpsolutions.com,agent,Admin,Facilities Coordinator,675-398-7622x023,East Randy,2024-05-31
254,cody.zuniga,Cody Zuniga,cody.zuniga@techcorpsolutions.com,requester,Finance,Accounts Executive,3068811492,Jeromeport,2023-05-26
255,scott.martinez,Scott Martinez,scott.martinez@techcorpsolutions.com,requester,Customer Success,Customer Success Associate,(900)455-7784,New Carla,2023-09-19
256,crystal.fields,Crystal Fields,crystal.fields@techcorpsolutions.com,requester,Customer Success,Client Relationship Manager,684.257.8317x45642,New Lisaberg,2023-12-08
257,maurice.harrison,Maurice Harrison,maurice.harrison@techcorpsolutions.com,requester,Sales,Sales Manager,874.806.4930x8536,East Jennifer,2020-08-24
258,debbie.clayton,Debbie Clayton,debbie.clayton@techcorpsolutions.com,requester,Sales,Sales Manager,863-589-4484,East Derrickville,2021-11-26
259,dana.williamson,Dana Williamson,dana.williamson@techcorpsolutions.com,requester,Admin,Admin Executive,+1-673-450-2080x214,Acostabury,2022-03-18
260,christopher.smith,Christopher Smith,christopher.smith@techcorpsolutions.com,requester,Finance,Finance Manager,(947)457-0512x04618,Port John,2021-11-19
261,patrick.smith,Patrick Smith,patrick.smith@techcorpsolutions.com,requester,Network Operations,Network Engineer,001-836-673-0371x837,Ericton,2026-05-14
262,julie.dunn,Julie Dunn,julie.dunn@techcorpsolutions.com,agent,Procurement,Procurement Executive,343.850.3136x5024,North Tanya,2021-04-27
263,bianca.vazquez,Bianca Vazquez,bianca.vazquez@techcorpsolutions.com,requester,Customer Success,Client Relationship Manager,(251)232-7195,Deannaside,2024-09-02
264,lacey.martinez,Lacey Martinez,lacey.martinez@techcorpsolutions.com,admin,Legal,Compliance Officer,+1-257-930-6524,Hansenside,2021-12-22
265,heidi.lopez,Heidi Lopez,heidi.lopez@techcorpsolutions.com,requester,Sales,Sales Manager,(657)749-8218x274,Smithhaven,2021-09-14
266,nicholas.lopez,Nicholas Lopez,nicholas.lopez@techcorpsolutions.com,requester,Legal,Legal Associate,(693)751-8638x782,Davidsonville,2020-09-16
267,cole.hopkins,Cole Hopkins,cole.hopkins@techcorpsolutions.com,requester,Sales,Sales Manager,(820)931-7310,Brandonbury,2020-11-09
268,catherine.jones,Catherine Jones,catherine.jones@techcorpsolutions.com,agent,Finance,Finance Analyst,271.670.5865,Lake Chadport,2026-02-07
269,christian.lewis,Christian Lewis,christian.lewis@techcorpsolutions.com,agent,Finance,Finance Manager,438-863-3839,Port Daniellestad,2023-09-03
270,emily.park,Emily Park,emily.park@techcorpsolutions.com,agent,Sales,Sales Executive,922-786-8528,Andreamouth,2023-02-15
271,megan.gutierrez,Megan Gutierrez,megan.gutierrez@techcorpsolutions.com,requester,HR,HR Manager,001-859-239-8368x4577,West Caitlinhaven,2024-05-06
272,derek.zamora,Derek Zamora,derek.zamora@techcorpsolutions.com,requester,Admin,Facilities Coordinator,435.304.8889,South Michaelberg,2020-08-21
273,joseph.preston,Joseph Preston,joseph.preston@techcorpsolutions.com,requester,Legal,Compliance Officer,341-696-9315x727,Lake Lindseyfurt,2022-01-28
274,christian.brown,Christian Brown,christian.brown@techcorpsolutions.com,requester,Sales,Sales Manager,(766)413-9060x480,Waynebury,2025-02-27
275,eric.nunez,Eric Nunez,eric.nunez@techcorpsolutions.com,requester,Legal,Legal Associate,399.981.3646x225,New Raymondland,2026-07-02
276,raymond.hamilton,Raymond Hamilton,raymond.hamilton@techcorpsolutions.com,requester,Customer Success,Client Relationship Manager,001-327-683-7693x89833,Morrisshire,2024-09-23
277,christopher.powers,Christopher Powers,christopher.powers@techcorpsolutions.com,requester,IT Support,IT Support Associate,(435)959-0425x979,Port Jesusstad,2023-02-08
278,eric.chandler,Eric Chandler,eric.chandler@techcorpsolutions.com,requester,Admin,Admin Executive,001-703-592-4051x4770,East Amy,2021-02-08
279,karen.dunn,Karen Dunn,karen.dunn@techcorpsolutions.com,agent,Sales,Sales Manager,(606)598-0420,Briantown,2024-04-14
280,carl.guerrero,Carl Guerrero,carl.guerrero@techcorpsolutions.com,requester,HR,HR Manager,+1-351-404-6368x15798,New Tammy,2024-07-09
281,ann.marquez,Ann Marquez,ann.marquez@techcorpsolutions.com,agent,Legal,Compliance Officer,245.676.2055x54384,Zamoratown,2020-10-31
282,sherry.avery,Sherry Avery,sherry.avery@techcorpsolutions.com,requester,Admin,Facilities Coordinator,762-916-8936x39264,East Denise,2021-12-07
283,bianca.sutton,Bianca Sutton,bianca.sutton@techcorpsolutions.com,requester,Legal,Legal Associate,(348)326-2925,West Mary,2021-10-18
284,dustin.johnson,Dustin Johnson,dustin.johnson@techcorpsolutions.com,requester,Customer Success,Client Relationship Manager,(564)574-2312x20994,Lake Anthony,2022-06-26
285,christopher.chan,Christopher Chan,christopher.chan@techcorpsolutions.com,requester,Network Operations,Network Engineer,+1-875-226-7722x330,Stephaniebury,2021-05-23
286,julia.mcneil,Julia Mcneil,julia.mcneil@techcorpsolutions.com,requester,Legal,Compliance Officer,827-297-5736,Cortezfurt,2025-01-30
287,cheryl.newton,Cheryl Newton,cheryl.newton@techcorpsolutions.com,requester,Customer Success,Customer Success Associate,208.517.7038x86086,Scottport,2024-02-11
288,kim.mitchell,Kim Mitchell,kim.mitchell@techcorpsolutions.com,requester,Marketing,Digital Marketing Specialist,490-882-7718x1298,Morristown,2021-08-01
289,harold.garza,Harold Garza,harold.garza@techcorpsolutions.com,requester,Customer Success,Customer Success Associate,971.745.2111,New Jasminehaven,2024-10-25
290,cheryl.moore,Cheryl Moore,cheryl.moore@techcorpsolutions.com,requester,Procurement,Vendor Manager,8256922220,Jessicamouth,2023-11-09
291,keith.white,Keith White,keith.white@techcorpsolutions.com,requester,Finance,Finance Manager,209.940.7778,East Brianna,2025-11-30
292,thomas.ortiz,Thomas Ortiz,thomas.ortiz@techcorpsolutions.com,requester,Legal,Compliance Officer,+1-703-284-9830x220,Port Antonio,2021-01-25
293,belinda.morrison,Belinda Morrison,belinda.morrison@techcorpsolutions.com,requester,Finance,Finance Analyst,401-962-2499,Sarahland,2022-07-23
294,kayla.morris,Kayla Morris,kayla.morris@techcorpsolutions.com,requester,Sales,Account Manager,768-814-7214,Lake Jason,2025-11-28
295,brian.duncan,Brian Duncan,brian.duncan@techcorpsolutions.com,admin,Legal,Legal Associate,917.994.6954x89952,Mortonbury,2026-05-24
296,jeanette.krause,Jeanette Krause,jeanette.krause@techcorpsolutions.com,requester,Admin,Admin Executive,7715396605,Lake Jamesport,2020-08-10
297,jonathan.jones,Jonathan Jones,jonathan.jones@techcorpsolutions.com,admin,Sales,Sales Manager,+1-250-415-5699,West Martha,2022-05-17
298,sandra.mendoza,Sandra Mendoza,sandra.mendoza@techcorpsolutions.com,requester,Customer Success,Customer Success Associate,2276278576,Angelatown,2023-05-29
299,jared.jennings,Jared Jennings,jared.jennings@techcorpsolutions.com,requester,Network Operations,NOC Analyst,(412)340-5682x996,Janetmouth,2025-04-30
300,jennifer.nelson,Jennifer Nelson,jennifer.nelson@techcorpsolutions.com,requester,HR,HR Manager,757.243.8421,North Scott,2021-02-10
301,angel.webb,Angel Webb,angel.webb@techcorpsolutions.com,requester,Sales,Sales Manager,457.584.5218,South Paulhaven,2023-07-23
302,darrell.collins,Darrell Collins,darrell.collins@techcorpsolutions.com,requester,Customer Success,Client Relationship Manager,+1-715-570-1840x943,West Joshua,2020-11-10
303,luis.alexander,Luis Alexander,luis.alexander@techcorpsolutions.com,requester,Finance,Finance Analyst,(524)710-9881,Josephport,2021-04-18
304,audrey.jackson,Audrey Jackson,audrey.jackson@techcorpsolutions.com,requester,Customer Success,Customer Success Associate,487-902-0701x60166,Larryborough,2022-06-10
305,jennifer.lambert,Jennifer Lambert,jennifer.lambert@techcorpsolutions.com,requester,Procurement,Procurement Executive,001-679-721-7174x77332,Whitemouth,2023-10-03
306,kristina.khan,Kristina Khan,kristina.khan@techcorpsolutions.com,requester,Sales,Account Manager,7174157724,South Lisaville,2023-04-13
307,mark.banks,Mark Banks,mark.banks@techcorpsolutions.com,requester,Procurement,Vendor Manager,+1-476-996-3938,Jonesborough,2025-04-15
308,lisa.garza,Lisa Garza,lisa.garza@techcorpsolutions.com,requester,Sales,Sales Manager,(395)983-2197x19975,West Stephanie,2025-03-28
309,chad.rodriguez,Chad Rodriguez,chad.rodriguez@techcorpsolutions.com,requester,Admin,Facilities Coordinator,001-665-870-1329x02278,Gonzalezmouth,2025-06-01
310,kevin.bauer,Kevin Bauer,kevin.bauer@techcorpsolutions.com,requester,Legal,Compliance Officer,(251)790-9862x40580,Port Juliantown,2024-08-14
311,joe.park,Joe Park,joe.park@techcorpsolutions.com,requester,Procurement,Vendor Manager,866-466-8327x23865,Whitneyberg,2022-12-07
312,dennis.jones,Dennis Jones,dennis.jones@techcorpsolutions.com,requester,Marketing,Marketing Executive,001-876-921-2679x6927,Kellyburgh,2020-09-09
313,roger.smith,Roger Smith,roger.smith@techcorpsolutions.com,requester,Finance,Finance Manager,001-338-946-8950x0975,East Jessicahaven,2023-07-19
314,tonya.terrell,Tonya Terrell,tonya.terrell@techcorpsolutions.com,requester,Customer Success,Customer Success Associate,281.789.1371x894,South Shawnfort,2025-03-17
315,audrey.rivera,Audrey Rivera,audrey.rivera@techcorpsolutions.com,requester,Legal,Compliance Officer,242-609-4940x7929,West Toddberg,2022-09-08
316,william.york,William York,william.york@techcorpsolutions.com,requester,HR,HR Manager,(494)944-0192,Lindseyview,2022-03-30
317,kimberly.young,Kimberly Young,kimberly.young@techcorpsolutions.com,requester,HR,Talent Acquisition Specialist,705.212.9276x63723,Karlaville,2021-09-01
318,brian.marshall,Brian Marshall,brian.marshall@techcorpsolutions.com,requester,Marketing,Marketing Executive,883.766.7428x6047,North Samanthastad,2023-06-02
319,stephanie.reynolds,Stephanie Reynolds,stephanie.reynolds@techcorpsolutions.com,requester,Legal,Legal Associate,754-441-4967x393,Amytown,2026-01-11
320,marie.smith,Marie Smith,marie.smith@techcorpsolutions.com,requester,Legal,Legal Associate,375-234-4300,New Danielle,2021-03-06
321,jean.wilson,Jean Wilson,jean.wilson@techcorpsolutions.com,agent,Customer Success,Customer Success Associate,(369)921-2447,Kaylamouth,2025-08-31
322,jonathan.norman,Jonathan Norman,jonathan.norman@techcorpsolutions.com,requester,Sales,Account Manager,3669504427,New Philip,2022-03-29
323,debbie.rodriguez,Debbie Rodriguez,debbie.rodriguez@techcorpsolutions.com,requester,Customer Success,Customer Success Associate,(939)417-4101x19470,North Elizabethview,2023-10-19
324,edward.rivera,Edward Rivera,edward.rivera@techcorpsolutions.com,requester,Procurement,Vendor Manager,2878766183,Martinezside,2022-11-30
325,savannah.howard,Savannah Howard,savannah.howard@techcorpsolutions.com,requester,Legal,Legal Associate,(801)558-5174x3280,Heatherville,2024-08-19
326,crystal.howard,Crystal Howard,crystal.howard@techcorpsolutions.com,requester,Finance,Finance Manager,+1-673-920-3093x7618,Levytown,2021-02-06
327,benjamin.brown,Benjamin Brown,benjamin.brown@techcorpsolutions.com,requester,Sales,Sales Executive,5613387829,Lake Donaldtown,2025-04-05
328,thomas.hardin,Thomas Hardin,thomas.hardin@techcorpsolutions.com,requester,Customer Success,Customer Success Associate,001-320-320-4179x291,Larsonbury,2020-11-13
329,bryan.harris,Bryan Harris,bryan.harris@techcorpsolutions.com,agent,Network Operations,NOC Analyst,001-365-319-8253x0925,Donaldchester,2022-08-05
330,gary.wood,Gary Wood,gary.wood@techcorpsolutions.com,agent,Sales,Sales Executive,990.321.9620,North Harryland,2021-07-29
331,jasmine.wheeler,Jasmine Wheeler,jasmine.wheeler@techcorpsolutions.com,requester,IT Support,Desktop Support Engineer,001-272-432-4876x329,Salazarland,2022-04-12
332,courtney.patton,Courtney Patton,courtney.patton@techcorpsolutions.com,requester,Customer Success,Customer Success Associate,5839318195,West Brian,2022-08-28
333,daniel.hernandez,Daniel Hernandez,daniel.hernandez@techcorpsolutions.com,agent,Customer Success,Customer Success Associate,972.220.0543x6459,Lake Brianside,2025-08-04
334,gregory.floyd,Gregory Floyd,gregory.floyd@techcorpsolutions.com,requester,Network Operations,Network Administrator,713-579-9563,West Jeremybury,2023-06-21
335,joan.kane,Joan Kane,joan.kane@techcorpsolutions.com,requester,Admin,Admin Executive,917.497.0623,Brooksmouth,2022-10-27
336,jennifer.chen,Jennifer Chen,jennifer.chen@techcorpsolutions.com,requester,Admin,Admin Executive,952.909.0421,Jacksonmouth,2026-05-16
337,jeffrey.phillips,Jeffrey Phillips,jeffrey.phillips@techcorpsolutions.com,requester,Sales,Account Manager,+1-992-698-3168x7397,Lake Ronniebury,2021-07-11
338,john.hamilton,John Hamilton,john.hamilton@techcorpsolutions.com,requester,IT Support,SharePoint Administrator,001-229-806-0078,Mendozaville,2021-11-30
339,shaun.allen,Shaun Allen,shaun.allen@techcorpsolutions.com,agent,Procurement,Procurement Executive,9636254310,Lake Stephen,2023-11-26
340,ashley.silva,Ashley Silva,ashley.silva@techcorpsolutions.com,requester,Marketing,Marketing Manager,626.825.7016x580,Helenside,2026-05-18
341,barbara.clark,Barbara Clark,barbara.clark@techcorpsolutions.com,requester,Customer Success,Client Relationship Manager,+1-750-785-0165x790,Lake Angelica,2024-08-25
342,carl.fletcher,Carl Fletcher,carl.fletcher@techcorpsolutions.com,requester,Sales,Sales Executive,238-317-9335x54864,Michaelfort,2021-10-23
343,walter.gallegos,Walter Gallegos,walter.gallegos@techcorpsolutions.com,requester,Legal,Legal Associate,+1-384-379-5137,Hurstport,2023-05-20
344,susan.jones,Susan Jones,susan.jones@techcorpsolutions.com,requester,Admin,Facilities Coordinator,427-923-8046,Roberttown,2021-07-29
345,kelly.brown,Kelly Brown,kelly.brown@techcorpsolutions.com,requester,Sales,Sales Executive,985.969.5579,Ashleyport,2025-10-03
346,george.green,George Green,george.green@techcorpsolutions.com,admin,Customer Success,Client Relationship Manager,402-454-7292x8422,North Blake,2023-06-19
347,leslie.martinez,Leslie Martinez,leslie.martinez@techcorpsolutions.com,requester,IT Support,IT Support Manager,(438)605-5257,North Richardfort,2022-02-20
348,kayla.gould,Kayla Gould,kayla.gould@techcorpsolutions.com,requester,Sales,Sales Executive,(408)985-4749,Hannahfort,2026-02-02
349,rachel.taylor,Rachel Taylor,rachel.taylor@techcorpsolutions.com,requester,Marketing,Marketing Executive,506-693-7515x0939,North Christopher,2023-11-10
350,melissa.rhodes,Melissa Rhodes,melissa.rhodes@techcorpsolutions.com,requester,Admin,Facilities Coordinator,863.775.9980x56265,West Michaelport,2026-04-07
351,tiffany.sawyer,Tiffany Sawyer,tiffany.sawyer@techcorpsolutions.com,agent,HR,Talent Acquisition Specialist,001-576-674-2662x9912,Mcneilhaven,2021-02-12
352,valerie.jones,Valerie Jones,valerie.jones@techcorpsolutions.com,requester,IT Support,Desktop Support Engineer,001-861-606-4628x79232,Williamsport,2026-04-12
353,mary.torres,Mary Torres,mary.torres@techcorpsolutions.com,requester,IT Support,IT Support Manager,930.502.4471x462,North Kathyfort,2023-11-28
354,virginia.jones,Virginia Jones,virginia.jones@techcorpsolutions.com,requester,HR,HR Executive,001-279-664-7158,New Brian,2025-01-04
355,luis.johns,Luis Johns,luis.johns@techcorpsolutions.com,requester,Marketing,Marketing Manager,(304)556-5044,Port Cody,2021-05-26
356,karen.stephens,Karen Stephens,karen.stephens@techcorpsolutions.com,requester,Finance,Accounts Executive,+1-944-851-8952x02845,Samanthaburgh,2025-10-05
357,curtis.moore,Curtis Moore,curtis.moore@techcorpsolutions.com,requester,Marketing,Marketing Manager,389.388.8167,North Timothy,2021-11-27
358,larry.cox,Larry Cox,larry.cox@techcorpsolutions.com,requester,Sales,Sales Executive,+1-485-524-0132x234,North Roger,2025-06-07
359,kathryn.rodriguez,Kathryn Rodriguez,kathryn.rodriguez@techcorpsolutions.com,requester,Legal,Compliance Officer,360.631.0890x7140,Port Colinville,2020-09-16
360,samantha.harris,Samantha Harris,samantha.harris@techcorpsolutions.com,requester,Marketing,Marketing Executive,(450)512-4955,North Loritown,2025-12-06
361,allison.baldwin,Allison Baldwin,allison.baldwin@techcorpsolutions.com,requester,Network Operations,Network Engineer,(480)913-8759,East Maryfurt,2026-04-21
362,roger.palmer,Roger Palmer,roger.palmer@techcorpsolutions.com,requester,Finance,Finance Manager,001-951-371-8275x48015,Campbellport,2023-01-04
363,gloria.randall,Gloria Randall,gloria.randall@techcorpsolutions.com,agent,Customer Success,Client Relationship Manager,(346)331-7520x71678,South Richard,2021-12-08
364,brittany.garcia,Brittany Garcia,brittany.garcia@techcorpsolutions.com,requester,Customer Success,Customer Success Associate,(515)835-3961,Ramirezshire,2026-01-27
365,brittney.avila,Brittney Avila,brittney.avila@techcorpsolutions.com,requester,Network Operations,NOC Analyst,(957)996-7842x7114,Lake Sherri,2025-05-03
366,anthony.rojas,Anthony Rojas,anthony.rojas@techcorpsolutions.com,requester,Sales,Sales Manager,902.969.5249x9118,West Ebony,2025-07-06
367,tracy.green,Tracy Green,tracy.green@techcorpsolutions.com,requester,Marketing,Marketing Executive,+1-880-906-1675,Johnsonburgh,2022-08-19
368,angela.dalton,Angela Dalton,angela.dalton@techcorpsolutions.com,requester,Legal,Legal Associate,001-927-962-4671x978,New Brian,2022-05-23
369,jose.garza,Jose Garza,jose.garza@techcorpsolutions.com,requester,Procurement,Vendor Manager,+1-854-350-0902x55905,Reedstad,2022-11-01
370,robert.brown,Robert Brown,robert.brown@techcorpsolutions.com,agent,Finance,Finance Manager,249.711.4152,South Dianechester,2022-01-16
371,ashley.valenzuela,Ashley Valenzuela,ashley.valenzuela@techcorpsolutions.com,requester,Legal,Compliance Officer,001-379-505-6965x917,Tylermouth,2022-03-06
372,garrett.evans,Garrett Evans,garrett.evans@techcorpsolutions.com,agent,Network Operations,Network Engineer,871.583.4404,Lake Meganville,2026-05-02
373,brittany.nelson,Brittany Nelson,brittany.nelson@techcorpsolutions.com,requester,IT Support,Desktop Support Engineer,876.635.1484x68536,Powersside,2023-12-14
374,henry.smith,Henry Smith,henry.smith@techcorpsolutions.com,requester,Network Operations,Network Engineer,(297)537-4896,Stevenbury,2024-10-04
375,edward.jennings,Edward Jennings,edward.jennings@techcorpsolutions.com,requester,Procurement,Procurement Executive,(365)413-6442x49363,North John,2022-05-17
376,margaret.marshall,Margaret Marshall,margaret.marshall@techcorpsolutions.com,requester,Marketing,Marketing Manager,(260)232-4204x48207,West Carolynland,2023-11-29
377,rachel.russell,Rachel Russell,rachel.russell@techcorpsolutions.com,requester,Procurement,Vendor Manager,+1-316-523-1981x89847,Port Lindsaymouth,2022-10-01
378,marisa.mclaughlin,Marisa Mclaughlin,marisa.mclaughlin@techcorpsolutions.com,requester,HR,HR Manager,001-236-932-1234x7649,Hollyville,2025-05-14
379,leslie.coleman,Leslie Coleman,leslie.coleman@techcorpsolutions.com,requester,Legal,Compliance Officer,825-675-4090x034,Rebeccaville,2024-08-21
380,amanda.young,Amanda Young,amanda.young@techcorpsolutions.com,requester,Sales,Sales Executive,9647413432,Mccormickview,2023-03-21
381,michelle.morrow,Michelle Morrow,michelle.morrow@techcorpsolutions.com,requester,Finance,Finance Analyst,765.961.2481x5698,Port Brettburgh,2026-03-01
382,crystal.gibbs,Crystal Gibbs,crystal.gibbs@techcorpsolutions.com,agent,Finance,Finance Analyst,(734)959-1123x8296,Russoberg,2021-05-28
383,jorge.mcdaniel,Jorge Mcdaniel,jorge.mcdaniel@techcorpsolutions.com,requester,Marketing,Marketing Manager,531-365-2669x3008,Gonzalezburgh,2025-06-28
384,brandon.williamson,Brandon Williamson,brandon.williamson@techcorpsolutions.com,requester,Marketing,Marketing Executive,(915)929-1086,East Jenniferborough,2024-02-25
385,sophia.li,Sophia Li,sophia.li@techcorpsolutions.com,requester,Finance,Accounts Executive,001-476-226-3934x3626,Theresabury,2022-03-05
386,christine.solomon,Christine Solomon,christine.solomon@techcorpsolutions.com,requester,Legal,Legal Associate,+1-371-207-2563x66941,West Sarahfort,2022-10-14
387,rebekah.barajas,Rebekah Barajas,rebekah.barajas@techcorpsolutions.com,agent,Admin,Admin Executive,+1-200-448-9646x528,Geoffreyfort,2026-02-26
388,sarah.humphrey,Sarah Humphrey,sarah.humphrey@techcorpsolutions.com,requester,Marketing,Marketing Executive,686-624-1502x74564,Ryanburgh,2021-05-19
389,leslie.vang,Leslie Vang,leslie.vang@techcorpsolutions.com,agent,Admin,Admin Executive,(287)903-2032,Frankmouth,2025-02-12
390,samuel.carney,Samuel Carney,samuel.carney@techcorpsolutions.com,requester,Procurement,Procurement Executive,3757877712,East Mirandaburgh,2026-01-31
391,mary.brady,Mary Brady,mary.brady@techcorpsolutions.com,requester,Finance,Finance Analyst,001-393-590-8926,Rhodesmouth,2025-06-19
392,anthony.maldonado,Anthony Maldonado,anthony.maldonado@techcorpsolutions.com,requester,Admin,Admin Executive,(259)715-2017x7749,Lake Cindymouth,2024-08-16
393,mark.dennis,Mark Dennis,mark.dennis@techcorpsolutions.com,requester,HR,HR Executive,001-823-304-5018,Scottbury,2024-12-10
394,tammy.glenn,Tammy Glenn,tammy.glenn@techcorpsolutions.com,requester,HR,HR Executive,826.664.2147,West Elizabeth,2021-02-15
395,marilyn.hunt,Marilyn Hunt,marilyn.hunt@techcorpsolutions.com,admin,IT Support,Senior Associate - IT Support,(374)299-6165x9266,Teresabury,2023-07-01
396,deborah.reeves,Deborah Reeves,deborah.reeves@techcorpsolutions.com,requester,Finance,Finance Manager,881.647.6174x22438,New Charleston,2026-02-08
397,william.dixon,William Dixon,william.dixon@techcorpsolutions.com,agent,HR,HR Manager,494.854.9180x172,North Robertport,2023-01-16
398,lee.ramsey,Lee Ramsey,lee.ramsey@techcorpsolutions.com,requester,Customer Success,Customer Success Associate,294.252.3219x416,Wilsonburgh,2025-01-29
399,diana.stevens,Diana Stevens,diana.stevens@techcorpsolutions.com,requester,Legal,Compliance Officer,+1-397-249-9564x12203,Port Anthony,2022-12-30
400,timothy.thomas,Timothy Thomas,timothy.thomas@techcorpsolutions.com,requester,Procurement,Procurement Executive,+1-983-914-7276x0122,Smithmouth,2022-01-11
401,brenda.harris,Brenda Harris,brenda.harris@techcorpsolutions.com,agent,Finance,Finance Manager,(905)801-6679x9840,Palmerfort,2023-12-20
402,jesse.brown,Jesse Brown,jesse.brown@techcorpsolutions.com,requester,Procurement,Vendor Manager,001-758-914-6717,Smithport,2020-09-17
403,jessica.harrison,Jessica Harrison,jessica.harrison@techcorpsolutions.com,requester,IT Support,IT Support Associate,539.659.7246x65729,Lake Timothyburgh,2023-03-11
404,james.obrien,James Obrien,james.obrien@techcorpsolutions.com,requester,Customer Success,Client Relationship Manager,(274)333-8005x45228,Ryanbury,2021-03-13
405,david.walker,David Walker,david.walker@techcorpsolutions.com,agent,Legal,Compliance Officer,350-284-2891x07711,East Crystalborough,2022-02-15
406,rhonda.moore,Rhonda Moore,rhonda.moore@techcorpsolutions.com,requester,Network Operations,NOC Analyst,287.512.5521x376,Petersonhaven,2022-04-30
407,george.adams,George Adams,george.adams@techcorpsolutions.com,requester,Network Operations,Network Engineer,(253)928-6326x66785,Port Alejandro,2024-10-30
408,linda.acevedo,Linda Acevedo,linda.acevedo@techcorpsolutions.com,requester,Admin,Facilities Coordinator,662-760-6029x08466,Alanview,2021-02-06
409,rachel.bishop,Rachel Bishop,rachel.bishop@techcorpsolutions.com,requester,Admin,Facilities Coordinator,(773)889-9756x3410,New Victoria,2021-06-20
410,justin.davis,Justin Davis,justin.davis@techcorpsolutions.com,agent,Admin,Facilities Coordinator,752.600.8943x46810,Davidville,2023-11-12
411,shane.armstrong,Shane Armstrong,shane.armstrong@techcorpsolutions.com,requester,Network Operations,Network Administrator,539-398-9354x49268,Zacharyborough,2020-08-18
412,mackenzie.ward,Mackenzie Ward,mackenzie.ward@techcorpsolutions.com,requester,Procurement,Procurement Executive,001-766-811-0627x371,Wigginsshire,2021-03-06
413,victor.henderson,Victor Henderson,victor.henderson@techcorpsolutions.com,requester,Finance,Finance Analyst,962.928.2772x8813,Lake Ericside,2023-03-16
414,mike.crane,Mike Crane,mike.crane@techcorpsolutions.com,requester,Legal,Compliance Officer,(611)959-4082x15454,Port Douglasshire,2024-02-28
415,robert.zuniga,Robert Zuniga,robert.zuniga@techcorpsolutions.com,requester,Network Operations,NOC Analyst,632-970-1851x0679,Kimberlyfort,2022-05-28
416,mary.bass,Mary Bass,mary.bass@techcorpsolutions.com,requester,Sales,Account Manager,(887)877-2519,South Matthew,2021-05-21
417,brandon.santiago,Brandon Santiago,brandon.santiago@techcorpsolutions.com,agent,Legal,Legal Associate,212-509-4818x139,Shawtown,2023-03-22
418,david.mayer,David Mayer,david.mayer@techcorpsolutions.com,requester,Network Operations,Network Engineer,7438397189,South Michelletown,2021-08-30
419,matthew.white,Matthew White,matthew.white@techcorpsolutions.com,requester,Marketing,Marketing Executive,456.641.1182x42241,Gregoryton,2020-09-27
420,christina.nguyen,Christina Nguyen,christina.nguyen@techcorpsolutions.com,requester,Admin,Facilities Coordinator,8463152654,East Johnshire,2020-10-04
421,joel.romero,Joel Romero,joel.romero@techcorpsolutions.com,requester,Customer Success,Client Relationship Manager,240-857-8617,North Joseph,2023-08-02
422,tabitha.leonard,Tabitha Leonard,tabitha.leonard@techcorpsolutions.com,requester,Customer Success,Customer Success Associate,+1-424-796-7183,Port John,2022-01-21
423,stephanie.ali,Stephanie Ali,stephanie.ali@techcorpsolutions.com,requester,Admin,Facilities Coordinator,6076942007,Kiddborough,2023-11-19
424,brenda.dixon,Brenda Dixon,brenda.dixon@techcorpsolutions.com,agent,Admin,Admin Executive,001-789-714-1612x8463,Tiffanymouth,2020-11-13
425,joshua.bates,Joshua Bates,joshua.bates@techcorpsolutions.com,requester,Legal,Legal Associate,279.250.2097,South Angela,2022-07-03
426,heather.burns,Heather Burns,heather.burns@techcorpsolutions.com,requester,Marketing,Marketing Manager,718-807-1569,Port Katrina,2022-12-03
427,heidi.smith,Heidi Smith,heidi.smith@techcorpsolutions.com,requester,Sales,Sales Manager,670.530.4531,South Tammy,2023-05-03
428,benjamin.vasquez,Benjamin Vasquez,benjamin.vasquez@techcorpsolutions.com,requester,Customer Success,Customer Success Associate,+1-530-436-1498x728,New Davidland,2024-10-06
429,david.mahoney,David Mahoney,david.mahoney@techcorpsolutions.com,agent,Sales,Sales Executive,843.608.9487x06056,Lake Aprilfort,2025-08-29
430,michael.blake,Michael Blake,michael.blake@techcorpsolutions.com,requester,Sales,Account Manager,504.768.7506,New Lindseybury,2025-10-29
431,tiffany.coleman,Tiffany Coleman,tiffany.coleman@techcorpsolutions.com,requester,HR,HR Executive,832.254.1107,Marybury,2021-01-14
432,daniel.allen,Daniel Allen,daniel.allen@techcorpsolutions.com,agent,Customer Success,Customer Success Associate,9583319971,North Sabrinafurt,2022-08-13
433,lawrence.abbott,Lawrence Abbott,lawrence.abbott@techcorpsolutions.com,requester,IT Support,IT Support Associate,(207)204-9611,Melissafurt,2020-12-25
434,cody.walton,Cody Walton,cody.walton@techcorpsolutions.com,requester,Finance,Finance Analyst,+1-990-776-7699x150,North Curtis,2021-12-23
435,brooke.jones,Brooke Jones,brooke.jones@techcorpsolutions.com,requester,Marketing,Marketing Executive,992.484.5679,East Laura,2025-04-08
436,bruce.collins,Bruce Collins,bruce.collins@techcorpsolutions.com,requester,Marketing,Marketing Manager,+1-254-498-2274x9545,East Williamside,2023-03-06
437,michele.henderson,Michele Henderson,michele.henderson@techcorpsolutions.com,agent,IT Support,Senior Associate - IT Support,731.653.7795,Murphyville,2021-10-03
438,shawn.mccormick,Shawn Mccormick,shawn.mccormick@techcorpsolutions.com,requester,Admin,Admin Executive,703.837.9337,South Jack,2020-11-06
439,veronica.cox,Veronica Cox,veronica.cox@techcorpsolutions.com,requester,Sales,Account Manager,2812247395,East Justin,2021-01-13
440,jeffery.green,Jeffery Green,jeffery.green@techcorpsolutions.com,requester,Legal,Compliance Officer,+1-432-830-2410,West Sharonport,2021-08-18
441,stephen.wood,Stephen Wood,stephen.wood@techcorpsolutions.com,agent,Finance,Finance Manager,(589)861-1223,Louischester,2022-10-20
442,tiffany.sanchez,Tiffany Sanchez,tiffany.sanchez@techcorpsolutions.com,requester,Customer Success,Customer Success Associate,+1-993-584-2530x428,Port Thomasland,2020-11-14
443,gary.hughes,Gary Hughes,gary.hughes@techcorpsolutions.com,requester,Admin,Facilities Coordinator,001-885-278-7255x87774,East Patricia,2025-10-26
444,shannon.young,Shannon Young,shannon.young@techcorpsolutions.com,requester,Sales,Sales Executive,(569)225-4812x14785,Huntmouth,2021-11-22
445,ronald.mcdonald,Ronald Mcdonald,ronald.mcdonald@techcorpsolutions.com,admin,Admin,Admin Executive,354.660.2734x1514,North David,2023-01-07
446,michael.payne,Michael Payne,michael.payne@techcorpsolutions.com,requester,Sales,Sales Executive,+1-854-844-3928x40445,South Destinyberg,2022-07-29
447,michelle.perez,Michelle Perez,michelle.perez@techcorpsolutions.com,requester,Sales,Account Manager,373.789.8775,South Kayla,2024-11-17
448,heidi.clark,Heidi Clark,heidi.clark@techcorpsolutions.com,requester,IT Support,SharePoint Administrator,+1-705-729-2407,South Ronald,2023-04-06
449,karen.farmer,Karen Farmer,karen.farmer@techcorpsolutions.com,requester,HR,HR Executive,859-809-0225x9999,South Bryce,2024-09-07
450,paul.wells,Paul Wells,paul.wells@techcorpsolutions.com,requester,Finance,Finance Manager,541.321.8209x702,Campbellbury,2022-07-18
451,kelly.warren,Kelly Warren,kelly.warren@techcorpsolutions.com,requester,Marketing,Marketing Executive,(980)325-6621x286,Friedmanborough,2023-04-16
452,david.harris,David Harris,david.harris@techcorpsolutions.com,admin,IT Support,SharePoint Administrator,001-272-499-4938x743,Brownfurt,2023-02-26
453,cassidy.wright,Cassidy Wright,cassidy.wright@techcorpsolutions.com,requester,Network Operations,NOC Analyst,001-777-679-0147,Austinburgh,2022-07-18
454,robert.white,Robert White,robert.white@techcorpsolutions.com,requester,Admin,Facilities Coordinator,(576)929-1603x24841,Riddleside,2024-04-02
455,david.wood,David Wood,david.wood@techcorpsolutions.com,agent,Customer Success,Client Relationship Manager,756.872.4380x70176,South Benjamin,2025-01-25
456,john.fletcher,John Fletcher,john.fletcher@techcorpsolutions.com,agent,IT Support,Desktop Support Engineer,+1-277-371-1837x27422,West David,2021-05-28
457,judith.jackson,Judith Jackson,judith.jackson@techcorpsolutions.com,requester,Admin,Facilities Coordinator,5429752308,Port Cynthiahaven,2024-07-27
458,danielle.moran,Danielle Moran,danielle.moran@techcorpsolutions.com,requester,Marketing,Marketing Executive,(347)209-0063x3533,Johnsontown,2025-11-27
459,matthew.lee,Matthew Lee,matthew.lee@techcorpsolutions.com,requester,Network Operations,Network Engineer,712.520.6815,New Randall,2024-07-22
460,ronald.hall,Ronald Hall,ronald.hall@techcorpsolutions.com,requester,Customer Success,Customer Success Associate,220-365-0637x31495,South Kevin,2021-03-23
461,carol.bird,Carol Bird,carol.bird@techcorpsolutions.com,requester,Sales,Sales Manager,+1-792-441-9562,Tiffanyfort,2021-03-15
462,carlos.smith,Carlos Smith,carlos.smith@techcorpsolutions.com,agent,Marketing,Marketing Executive,568.838.9030x914,New Christopher,2025-12-30
463,devin.jimenez,Devin Jimenez,devin.jimenez@techcorpsolutions.com,requester,Network Operations,Network Administrator,(630)239-7524x5086,Port Jessica,2021-10-17
464,matthew.harris,Matthew Harris,matthew.harris@techcorpsolutions.com,requester,Marketing,Digital Marketing Specialist,+1-233-496-8527x01713,East Christopher,2020-12-01
465,brittany.guerra,Brittany Guerra,brittany.guerra@techcorpsolutions.com,agent,HR,HR Executive,881.467.4233,West Justin,2026-02-10
466,shane.reid,Shane Reid,shane.reid@techcorpsolutions.com,agent,Sales,Sales Executive,915.266.2776x8962,Simmonsland,2022-03-17
467,katherine.dorsey,Katherine Dorsey,katherine.dorsey@techcorpsolutions.com,agent,HR,Talent Acquisition Specialist,(882)946-7474,West Derrickfort,2024-02-14
468,james.hendricks,James Hendricks,james.hendricks@techcorpsolutions.com,requester,Legal,Compliance Officer,357.866.6567x49160,East Kathryn,2020-08-16
469,susan.wise,Susan Wise,susan.wise@techcorpsolutions.com,requester,Admin,Facilities Coordinator,(287)450-6633x705,Catherineberg,2025-01-17
470,jonathan.guzman,Jonathan Guzman,jonathan.guzman@techcorpsolutions.com,requester,Admin,Facilities Coordinator,(501)816-6918,Port Ronald,2026-03-25
471,heather.mason,Heather Mason,heather.mason@techcorpsolutions.com,requester,Marketing,Marketing Executive,(294)461-1952x4364,Smithland,2023-10-03
472,kim.butler,Kim Butler,kim.butler@techcorpsolutions.com,requester,Legal,Compliance Officer,562-425-2237x2817,North Karen,2023-01-24
473,lisa.lee,Lisa Lee,lisa.lee@techcorpsolutions.com,agent,Sales,Sales Manager,(579)912-1416x14150,Chambersville,2026-06-01
474,albert.adams,Albert Adams,albert.adams@techcorpsolutions.com,requester,Procurement,Procurement Executive,+1-890-713-8069x84775,Evelynmouth,2026-04-02
475,yvonne.montoya,Yvonne Montoya,yvonne.montoya@techcorpsolutions.com,agent,Legal,Legal Associate,+1-366-690-5510x76209,West Shannon,2026-03-02
476,gina.kane,Gina Kane,gina.kane@techcorpsolutions.com,requester,Sales,Sales Executive,+1-330-750-5057x39769,Crosbyfort,2023-08-24
477,valerie.vincent,Valerie Vincent,valerie.vincent@techcorpsolutions.com,requester,Network Operations,Network Administrator,001-664-993-2898x0271,South Stephanie,2025-12-15
478,timothy.fernandez,Timothy Fernandez,timothy.fernandez@techcorpsolutions.com,requester,Customer Success,Client Relationship Manager,(511)660-2564,Lynnville,2022-01-14
479,elizabeth.livingston,Elizabeth Livingston,elizabeth.livingston@techcorpsolutions.com,requester,IT Support,SharePoint Administrator,515.639.9156x6863,West Christopherland,2024-05-07
480,matthew.vargas,Matthew Vargas,matthew.vargas@techcorpsolutions.com,requester,Admin,Admin Executive,295-525-6904,Whitneymouth,2021-09-17
481,kelsey.salinas,Kelsey Salinas,kelsey.salinas@techcorpsolutions.com,requester,Legal,Legal Associate,(989)793-1608,Port Sherri,2026-02-15
482,mary.porter,Mary Porter,mary.porter@techcorpsolutions.com,requester,Legal,Legal Associate,+1-542-909-5481x497,Janetfurt,2023-04-18
483,brian.patrick,Brian Patrick,brian.patrick@techcorpsolutions.com,agent,Marketing,Marketing Manager,001-733-802-7642x086,Mooneyfurt,2021-07-02
484,peter.rose,Peter Rose,peter.rose@techcorpsolutions.com,requester,HR,HR Executive,001-438-961-2590x472,Carterberg,2022-04-10
485,jason.brock,Jason Brock,jason.brock@techcorpsolutions.com,requester,Legal,Compliance Officer,+1-405-291-2662x0157,New Debrashire,2021-10-03
486,ryan.hernandez,Ryan Hernandez,ryan.hernandez@techcorpsolutions.com,requester,Admin,Admin Executive,801.336.7492,Hancockfurt,2024-11-15
487,joshua.delgado,Joshua Delgado,joshua.delgado@techcorpsolutions.com,requester,Sales,Account Manager,911-617-8309,Port Brittanyfurt,2022-10-09
488,todd.newman,Todd Newman,todd.newman@techcorpsolutions.com,requester,Marketing,Marketing Manager,001-821-951-8260,New Maryside,2023-03-02
489,jennifer.tyler,Jennifer Tyler,jennifer.tyler@techcorpsolutions.com,requester,Marketing,Marketing Executive,001-531-429-2087x51029,New Jonathanton,2021-05-02
490,christopher.martinez,Christopher Martinez,christopher.martinez@techcorpsolutions.com,requester,Procurement,Vendor Manager,+1-926-403-4084,Nealhaven,2022-05-14
491,renee.shea,Renee Shea,renee.shea@techcorpsolutions.com,requester,Admin,Admin Executive,731.603.0324x32983,Lake Cindy,2024-03-08
492,charles.scott,Charles Scott,charles.scott@techcorpsolutions.com,requester,Admin,Admin Executive,(367)614-6283,Lake Nathan,2022-11-10
493,diane.hoover,Diane Hoover,diane.hoover@techcorpsolutions.com,requester,Sales,Sales Manager,(825)366-0931x41818,Daniellestad,2024-03-06
494,regina.strickland,Regina Strickland,regina.strickland@techcorpsolutions.com,requester,Customer Success,Customer Success Associate,440.616.3611,Davisstad,2021-06-19
495,jackie.grimes,Jackie Grimes,jackie.grimes@techcorpsolutions.com,requester,Network Operations,NOC Analyst,+1-910-425-6258x896,Alberthaven,2023-11-11
496,jennifer.sandoval,Jennifer Sandoval,jennifer.sandoval@techcorpsolutions.com,requester,Marketing,Marketing Executive,001-940-753-9672,Shawview,2021-06-11
497,stephanie.meyer,Stephanie Meyer,stephanie.meyer@techcorpsolutions.com,requester,Procurement,Procurement Executive,541.346.5111,New Brian,2024-11-06
498,julia.spencer,Julia Spencer,julia.spencer@techcorpsolutions.com,admin,Customer Success,Client Relationship Manager,8682277881,Port Julie,2023-07-08
499,jennifer.park,Jennifer Park,jennifer.park@techcorpsolutions.com,requester,Sales,Sales Executive,489.309.7283,Maryhaven,2025-01-13
500,michael.williams,Michael Williams,michael.williams@techcorpsolutions.com,agent,Marketing,Digital Marketing Specialist,(951)653-8144,Jasonshire,2023-07-13
